doc_id,filename,law_type,source,description,notes,batch
traffic_001,traffic_001.pdf,traffic,SINDH ACT NO. XIII OF 2014,"to amend the Provincial Motor Vehicles Ordinance, 1965",Uploaded by user,0
traffic_002,traffic_002.pdf,traffic,"THE PROVINCIAL MOTOR VEHICLES ORDINANCE (10th July, 1965)",to amend and consolidate the law relating to Motor Vehicles in the Province of West Pakistan,Uploaded by user,0
traffic_003,traffic_003.pdf,traffic,"THE PROVINCIAL MOTOR VEHICLES (AMENDMENT) ACT, 2024 and SINDH ACT NO. I OF 2025","to amend the Provincial Motor Vehicles Ordinance, 1965",Uploaded by user,0
traffic_004,traffic_004.pdf,traffic,"WEST PAKISTAN ORDINANCE No. XIX OF 1965 (8th June, 1965)",to amend and consolidate the law relating to Motor Vehicles in the Province of West Pakistan.,Uploaded by user,0
traffic_005,traffic_005.pdf,traffic,"THE TRAFFIC OFFENCES (SPECIAL COURTS) ORDINANCE, [29th December, 1981]",An Ordinance to constitute Special Courts for the speedy disposal of cases pertaining to traffic offences.,Uploaded by user,0
dv_001,dv_001.pdf,domestic_violence,"THE CONSTITUTION OF THE ISLAMIC REPUBLIC OF PAKISTAN (12th April, 1973)","to provide an updated version of the constitution, incorporates all amendments made in it till date.",Uploaded by user,0
dv_002,dv_002.pdf,domestic_violence,"Act No. XXXV OF 2020 [2rd September, 2020]","to promote, protect and effectively ensure the rights and inclusion of persons with disabilities in the communities in line with the Islamic injunctions and provisions of the constitution of the Islamic republic of Pakistan to advance efforts for recognition of their respect and dignity in the society.",Uploaded by user,0
dv_003,dv_003.pdf,domestic_violence,"THE CHILD MARRIAGE RESTRAINT ACT, 1929 [1st October, 1929]",An Act to restrain the solemnisation of child marriages,Uploaded by user,0
dv_004,dv_004.pdf,domestic_violence,Act No. XXI OF 2018,An Act to provide for the protection and care of children in the Islamabad Capital Territory,Uploaded by user,0
dv_005,dv_005.pdf,domestic_violence,"CHRISTIAN MARRIAGE ACT, 1872 (XV of 1872) [18th July, 1872]",to consolidate and amend the law relating to the solemnization of the marriage of Christians.,Uploaded by user,0
dv_006,dv_006.pdf,domestic_violence,Act No.X of 2016,"An Act further to amend the Pakistan Penal code, 1860 and the Code of Criminal Procedure, 1898",Uploaded by user,0
dv_007,dv_007.pdf,domestic_violence,"The Domestic Violence (Prevention and Protection) Act, 2013 and The Domestic Violence (Prevention and Protection) Rules, 2016",to make provisions for protection against domestic violence.,Uploaded by user,0
dv_008,dv_008.pdf,domestic_violence,"THE GUARDIANS AND WARDS ACT, 1890 [21st March, 1890]",An Act to consolidate and amend the law relating to Guardian and Ward.,Uploaded by user,0
dv_009,dv_009.pdf,domestic_violence,Act No. XXII OF 2018,An act to provide for criminal justice system for juveniles,Uploaded by user,0
dv_010,dv_010.pdf,domestic_violence,Act No. XVI OF 2020,An Act to provide for the establishment of a Legal Aid and Justice Authority,Uploaded by user,0
dv_011,dv_011.pdf,domestic_violence,"THE MUSLIM FAMILY LAWS ORDINANCE, 1961 [2nd March, 1961]",to give effect to certain recommendations of the Commission on Marriage and Family Laws,Uploaded by user,0
dv_012,dv_012.pdf,domestic_violence,"National Policy Framework on Human Rights, 2022-2027",Document on Human Rights for the people of Pakistan,Uploaded by user,0
dv_013,dv_013.pdf,domestic_violence,ACT NO. IX OF 2021,"to provide for the well-being, comfort and dignity of the senior citizens residing in the Islamabad Capital Territory",Uploaded by user,0
dv_014,dv_014.pdf,domestic_violence,"THE DISSOLUTION OF MUSLIM MARRIAGES ACT, 1939 [17th March, 1939]",An Act to consolidate and clarify the provisions of Muslim law relating to suits for dissolution of marriage by women married under Muslim law and to remove doubts as to the effect of the renunciation of Islam by a married Muslim woman on her marriage tie.,Uploaded by user,0
dv_015,dv_015.pdf,domestic_violence,"THE DOWRY AND BRIDAL GIFTS (RESTRICTION) ACT, 1976 [4th June, 1976]",An Act to provide for restrictions on dowry and bridal gifts,Uploaded by user,0
dv_016,dv_016.pdf,domestic_violence,"THE HINDU MARRIAGE ACT, 2017 - ACT NO VII OF 2017 [21st March, 2017]",An Act to provide for solemnization of marriages by Hindu families and for matters ancillary and incidental thereto,Uploaded by user,0
dv_017,dv_017.pdf,domestic_violence,ACT NO. II OF 2022,"An Act to amend the Islamabad Capital Territory Child Protection Act, 2018",Uploaded by user,0
dv_018,dv_018.pdf,domestic_violence,ACT NO. lll OF 2022,"An Act to amend the Juvenile Justice System Act, 2018",Uploaded by user,0
dv_019,dv_019.pdf,domestic_violence,ACT NO. I OF 2022,"An Act to amen the National Commission on the Rights of Child Act, 2017",Uploaded by user,0
dv_020,dv_020.pdf,domestic_violence,"W.P. ACT NO. XXXV OF 1964 [18th July, 1964]",An Act to make provision for the establishment of Family Courts.,Uploaded by user,0
dv_021,dv_021.pdf,domestic_violence,"ACT NO. V OF 2022 [24th January, 2022]","An Act to amend the Protection against Harassment of women at the Workplace Act, 2010",Uploaded by user,0
dv_022,dv_022.pdf,domestic_violence,ACT NO. XV OF 2020,"An Act to make provisions for raising alert, response and recovery of missing and abducted children",Uploaded by user,0
dv_023,dv_023.pdf,domestic_violence,"THE OFFENCE OF ZINA (ENFORCEMENT OF HUDOOD) ORDINANCE, 1979. [10th February, 1979]",An Ordinance to bring in conformity with the Injunctions of Islam the law relating to the offence of zina,Uploaded by user,0
dv_024,dv_024.pdf,domestic_violence,Civil Petition No. 3606 of 2025 – Farzana Yasmeen and others v. Sohail Ahmed and another (Supreme Court of Pakistan),"Supreme Court judgment concerning family law disputes involving maintenance, dowry articles, gold ornaments, and restitution of conjugal rights. The Court examined territorial jurisdiction objections in family proceedings, held that such objections must be raised at the earliest stage before the trial court, and ruled that parties cannot be non-suited at the appellate stage after a full trial where no jurisdiction issue was framed or pressed.",Uploaded by user,0
dv_025,dv_025.pdf,domestic_violence,"CPLA No. 1330-L of 2025 – Sajid Hussain v. Additional District Judge, Vehari and Others (Supreme Court of Pakistan)","Supreme Court judgment concerning recovery of dower property transferred through successive land transactions after marriage disputes. The Court examined the legal status of dower entered in a nikahnama, claims of bona fide purchase, fraudulent transfer of dowered property, and enforcement of a wife’s ownership rights over land reserved as deferred dower payable on demand.",Uploaded by user,0
dv_026,dv_026.pdf,domestic_violence,"C.P.L.A. Nos. 919-L & 1056-L of 2016 – Muhammad Amin Saqib v. Judge Family Court, Toba Tek Singh and others (Supreme Court of Pakistan)","Supreme Court order concerning enhancement of maintenance allowance for minor daughters in family proceedings. The Court examined changing financial circumstances, the Family Court’s continuing jurisdiction to modify maintenance through applications under Section 151 CPC, and remanded the matter for fresh determination of enhanced maintenance and arrears based on updated evidence of the father’s income.",Uploaded by user,0
dv_027,dv_027.pdf,domestic_violence,CPLA No. 746-L of 2025 – Muhammad Arif Tarar and another v. Matloob Ahmad Warraich and others (Supreme Court of Pakistan),"Supreme Court judgment concerning amendment of pleadings under Order VI Rule 17 CPC in a suit for specific performance based on an alleged oral agreement to sell property. The Court examined delayed amendments, procedural fairness, prejudice to the opposing party, and the limits of judicial discretion in permitting amendments after prolonged litigation and during trial proceedings.",Uploaded by user,0
Drugs_001,Drugs_001.pdf,Drug_laws,"Control of Narcotic Substances (Amendment) Ordinance, 1996 (Ordinance No. CXXV of 1996)","Amends the Control of Narcotic Substances Ordinance, 1996 to introduce new definitions (e.g., controlled delivery) and strengthen enforcement mechanisms.",Uploaded by user,1
Drugs_002,Drugs_002.pdf,Drug_laws,"Drug Regulatory Authority of Pakistan Act, 2012 (Act No. XXI of 2012)","Establishes the Drug Regulatory Authority of Pakistan (DRAP) to regulate manufacture, import, export, distribution, and sale of therapeutic goods and ensure coordination of drug laws.",Uploaded by user,1
Drugs_003,Drugs_003.pdf,Drug_laws,"Control of Narcotic Substances (Amendment) Ordinance, 2000 (Ordinance No. LXVI of 2000)","Amends the Control of Narcotic Substances Act, 1997 to update provisions relating to narcotic control and enforcement.",Uploaded by user,1
Drugs_004,Drugs_004.pdf,Drug_laws,"Anti Narcotics Force Act, 1997 (Act No. III of 1997)",Provides for the constitution and functions of the Anti Narcotics Force (ANF) to investigate narcotics-related offences and trafficking.,Uploaded by user,1
Drugs_005,Drugs_005.pdf,Drug_laws,"Anti Narcotics Force Ordinance, 1996 (Ordinance No. L of 1996)",Establishes a force for inquiry and investigation of narcotics offences prior to the 1997 Act formalization.,Uploaded by user,1
Drugs_006,Drugs_006.pdf,Drug_laws,"Constitution of Anti Narcotics Force Ordinance, 1996 (Ordinance No. CXIV of 1996)","Provides for the constitution of the Anti Narcotics Force (ANF) to investigate narcotics-related offences and trafficking, and to handle matters connected with drug control and enforcement in Pakistan.",Uploaded by user,1
Drugs_007,Drugs_007.pdf,Drug_laws,"Anti Narcotics Force Ordinance, 1996 (Ordinance No. III of 1996)","Provides for the establishment of the Anti Narcotics Force (ANF) to inquire into and investigate offences related to narcotics and drug trafficking, along with related enforcement matters across Pakistan.",Uploaded by user,1
Drugs_008,Drugs_008.pdf,Drug_laws,"Anti Narcotics Force Ordinance, 1995 (Ordinance No. LIX of 1995)","Provides for the establishment of the Anti Narcotics Force (ANF) to investigate offences related to narcotics and drug trafficking, and to handle enforcement and related matters concerning drug control in Pakistan.",Uploaded by user,1
Drugs_009,Drugs_009.pdf,Drug_laws,"Cannabis Control and Regulatory Authority Act, 2024 (Act No. XXIV of 2024)","Provides a legal framework to regulate the cultivation of cannabis plants and the extraction, refining, manufacturing, and sale of cannabis derivatives for medicinal, industrial, and related public uses in Pakistan.",Uploaded by user,1
Drugs_010,Drugs_010.pdf,Drug_laws,"Control of Narcotic Substances Act, 1997 (Act No. XXV of 1997)","Principal law consolidating and amending regulations relating to narcotic drugs and psychotropic substances, including their production, processing, trafficking, control, and the treatment and rehabilitation of addicts in Pakistan.",Uploaded by user,1
Drugs_011,Drugs_011.pdf,Drug_laws,"Control of Narcotic Substances Ordinance, 1995 (Ordinance No. CXXII of 1995)","Provides for the consolidation and amendment of laws relating to narcotic drugs and psychotropic substances, including their production, processing, trafficking, and the treatment and rehabilitation of addicts in Pakistan.",Uploaded by user,1
Drugs_012,Drugs_012.pdf,Drug_laws,"Control of Narcotic Substances Ordinance, 1995 (Ordinance No. LXXXIV of 1995)","Provides for the consolidation and amendment of laws relating to narcotic drugs and psychotropic substances, including their control, production, processing, trafficking, and the treatment and rehabilitation of addicts in Pakistan.",Uploaded by user,1
Drugs_013,Drugs_013.pdf,Drug_laws,"Control of Narcotic Substances Ordinance, 1996 (Ordinance No. XIII of 1996)","Provides for the consolidation and amendment of laws relating to narcotic drugs and psychotropic substances, including their control, production, processing, and trafficking in Pakistan.",Uploaded by user,1
Drugs_014,Drugs_014.pdf,Drug_laws,"Control of Narcotic Substances Ordinance, 1996 (Ordinance No. LIX of 1996)","Provides for the consolidation and amendment of laws relating to narcotic drugs and psychotropic substances, including their control, production, processing, trafficking, and the treatment and rehabilitation of addicts in Pakistan.",Uploaded by user,1
Drugs_015,Drugs_015.pdf,Drug_laws,"Control of Narcotic Substances Ordinance, 1997 (Ordinance No. XLIII of 1997)","Provides for the consolidation and amendment of laws relating to narcotic drugs and psychotropic substances, including their control, production, processing, trafficking, and the treatment and rehabilitation of addicts, serving as an interim legal framework prior to the 1997 Act.",Uploaded by user,1
Drugs_016,Drugs_016.pdf,Drug_laws,"Control of Narcotic Substances Ordinance, 1996 (Ordinance No. XCIV of 1996)","Provides for the consolidation and amendment of laws relating to narcotic drugs and psychotropic substances, including their control, production, processing, trafficking, and the treatment and rehabilitation of addicts in Pakistan.",Uploaded by user,1
Drugs_017,Drugs_017.pdf,Drug_laws,"Control of Narcotic Substances (Amendment) Act, 2022 (Act No. XX of 2022)","Amends the Control of Narcotic Substances Act, 1997 to update and strengthen the legal framework governing narcotic drugs and psychotropic substances, including expanding its scope and regulatory provisions in Pakistan.",Uploaded by user,1
Drugs_018,Drugs_018.pdf,Drug_laws,"Control of Narcotic Substances (Amendment) Act, 2020 (Act No. XXIV of 2020)","Further amends the Control of Narcotic Substances Act, 1997 to update and strengthen legal provisions related to narcotic drugs and psychotropic substances in Pakistan.",Uploaded by user,1
Drugs_019,Drugs_019.pdf,Drug_laws,"Control of Narcotic Substances (Amendment) Act, 2023 (Act No. XXXVIII of 2023)","Further amends the Control of Narcotic Substances Act, 1997 to refine and strengthen the legal and regulatory framework governing narcotic drugs and psychotropic substances in Pakistan.",Uploaded by user,1
Drugs_020,Drugs_020.pdf,Drug_laws,Criminal Petition No. 749-L of 2022 â Tariq Sajjad Khan v. The State (Supreme Court of Pakistan),"Supreme Court judgment under the Control of Narcotic Substances Act, 1997 examining appellate court duties in criminal appeals, evidentiary standards in narcotics cases, and procedural fairness. The Court held that appellate courts must independently assess the trial record even where conviction is not expressly challenged, found material contradictions and evidentiary defects in the prosecution case relating to narcotics recovery, and acquitted the accused by setting aside the conviction and sentence.",Uploaded by user,1
Drugs_021,Drugs_021.pdf,Drug_laws,Criminal Petition No. 546 of 2023 â Haider Ali v. The State (Supreme Court of Pakistan),"Supreme Court judgment under the Control of Narcotic Substances Act, 1997 concerning recovery of charas from a vehicle, evidentiary standards in narcotics prosecutions, and procedural defects in investigation. The Court examined inconsistencies in the prosecution case, deficiencies in safe custody and chain of custody of narcotics, and extended the benefit of doubt to the accused, resulting in acquittal.",Uploaded by user,1
OtherLaws_001,OtherLaws_001.pdf,Other_laws,,"Provides for the protection and care of children in the Islamabad Capital Territory, including safeguards against physical and mental violence, injury, neglect, maltreatment, exploitation, and abuse.",Uploaded by user,1
OtherLaws_002,OtherLaws_002.pdf,Other_laws,"Prevention of Electronic Crimes Act, 2016 (Act No. XL of 2016)","Provides for the prevention of unauthorized acts related to information systems, including cybercrimes, and establishes mechanisms for investigation, prosecution, and international cooperation in electronic crime matters in Pakistan.",Uploaded by user,1
OtherLaws_003,OtherLaws_003.pdf,Other_laws,"Prevention of Electronic Crimes (Amendment) Act, 2025 (Act No. II of 2025)","Amends the Prevention of Electronic Crimes Act, 2016 to update and strengthen legal provisions related to electronic crimes, including enforcement mechanisms and regulatory scope in Pakistan.",Uploaded by user,1
OtherLaws_004,OtherLaws_004.pdf,Other_laws,"Prevention of Electronic Crimes (Amendment) Ordinance, 2022 (Ordinance No. II of 2022)","Amends the Prevention of Electronic Crimes Act, 2016 to update and strengthen legal provisions related to electronic crimes, including enforcement mechanisms and regulatory scope in Pakistan.",Uploaded by user,1
OtherLaws_005,OtherLaws_005.pdf,Other_laws,"Prevention of Electronic Crimes (Amendment) Act, 2023 (Act No. XXXVII of 2023)","Amends the Prevention of Electronic Crimes Act, 2016, along with related provisions of the Pakistan Penal Code, 1860 and the Qanun-e-Shahadat, 1984, to strengthen legal measures, enforcement, and evidentiary framework for electronic crimes in Pakistan.",Uploaded by user,1
OtherLaws_006,OtherLaws_006.pdf,Other_laws,"Islamabad Capital Territory Child Protection (Amendment) Act, 2022 (Act No. II of 2022)","Amends the Islamabad Capital Territory Child Protection Act, 2018 to strengthen legal provisions for the protection, welfare, and safeguarding of children, enhancing enforcement mechanisms and addressing gaps in child protection laws in the Islamabad Capital Territory.",Uploaded by user,1
OtherLaws_007,OtherLaws_007.pdf,Other_laws,"Prevention of Electronic Crimes Ordinance, 2007 (Ordinance No. LXXII of 2007)","Provides legal provisions for the prevention of electronic crimes in Pakistan, including offenses against the confidentiality, integrity, and availability of electronic systems and data, along with mechanisms for investigation, prosecution, and punishment of such offenses.",Uploaded by user,1
OtherLaws_008,OtherLaws_008.pdf,Other_laws,"Pakistan Telecommunication (Re-organization) and Prevention of Electronic Crimes (Amendment) Ordinance, 2023 (Ordinance No. VIII of 2023)","Amends the Pakistan Telecommunication (Re-organization) Act, 1996 and the Prevention of Electronic Crimes Act, 2016 to establish a Telecommunication Appellate Tribunal and enhance regulatory and legal mechanisms for oversight, enforcement, and adjudication in telecommunication and electronic crime matters in Pakistan.",Uploaded by user,1
OtherLaws_009,OtherLaws_009.pdf,Other_laws,"Pakistan Telecommunication (Re-organization) and Prevention of Electronic Crimes (Amendment) Act, 2024 (Act No. XXV of 2024)","Amends the Pakistan Telecommunication (Re-organization) Act, 1996 and the Prevention of Electronic Crimes Act, 2016 to establish a Telecommunication Appellate Tribunal and strengthen regulatory, adjudicatory, and enforcement mechanisms for telecommunication and electronic crime-related matters in Pakistan.",Uploaded by user,1
StudentLaw_001,StudentLaw_001.pdf,Student_Law,"National Civic Education Commission Act, 2018 (Act No. XIV of 2018)","Provides for the establishment of the National Civic Education Commission to promote civic education, enhance awareness of fundamental rights and obligations, and foster responsible citizenship through education, knowledge, and participation in democratic processes within the Islamabad Capital Territory.",Uploaded by user,1
StudentLaw_002,StudentLaw_002.pdf,Student_Law,"West Pakistan (Board of Intermediate and Secondary Education, Hyderabad) (Validating) Act, 1965 (West Pakistan Act No. III of 1965)","Validates the acts, powers exercised, and functions performed by the Chairman-designate of the Board of Intermediate and Secondary Education, Hyderabad, during the period from 1st November 1960 to 16th August 1961, ensuring legal continuity and legitimacy of administrative actions taken prior to formal establishment under law.",Uploaded by user,1
StudentLaw_003,StudentLaw_003.pdf,Student_Law,"West Pakistan (Board of Intermediate and Secondary Education, Karachi) Ordinance, 1962 (West Pakistan Ordinance No. III of 1962)","Provides for the reconstitution and reorganization of the Karachi Board of Intermediate and Secondary Education, defining its structure, powers, functions, and governance framework for administering intermediate and secondary education within its jurisdiction.",Uploaded by user,1
StudentLaw_004,StudentLaw_004.pdf,Student_Law,"West Pakistan (Board of Intermediate and Secondary Education, Peshawar) (Validating) Act, 1965 (West Pakistan Act No. IV of 1965)","Validates the acts, powers exercised, and functions performed by the Chairman-designate of the Board of Intermediate and Secondary Education, Peshawar, during the period from 2nd November 1960 to 17th August 1961, ensuring legal recognition and continuity of actions taken prior to formal statutory establishment.",Uploaded by user,1
StudentLaw_005,StudentLaw_005.pdf,Student_Law,"West Pakistan Government Educational and Training Institutions (Extension to Karachi Division) Act, 1962 (West Pakistan Act No. IV of 1962)","Extends the provisions of the West Pakistan Government Educational and Training Institutions Ordinance, 1960 to the Karachi Division, thereby bringing educational and training institutions in the region under the same legal and administrative framework applicable in West Pakistan.",Uploaded by user,1
StudentLaw_006,StudentLaw_006.pdf,Student_Law,"Federal Board of Intermediate and Secondary Education (Amendment) Ordinance, 2024 (Ordinance No. IX of 2024)","Amends the Federal Board of Intermediate and Secondary Education Act, 1975 to update and improve the regulatory, administrative, and operational framework governing the Federal Board, including provisions related to examination systems, governance, and institutional functions.",Uploaded by user,1
StudentLaw_007,StudentLaw_007.pdf,Student_Law,"Worker's Children (Education) (Amendment) Ordinance, 1972 (Ordinance No. L of 1972)","Amends the Workersâ Children (Education) Ordinance, 1972 to extend and regulate educational provisions for children of workers across Pakistan, ensuring access to education and strengthening legal measures for their educational welfare.",Uploaded by user,1
StudentLaw_008,StudentLaw_008.pdf,Student_Law,"Federal Board of Intermediate and Secondary Education Act, 1975 (Act No. LXVIII of 1975)","Provides for the establishment of the Federal Board of Intermediate and Secondary Education, defining its structure, functions, powers, and responsibilities for regulating and administering intermediate and secondary education, including affiliation of institutions, examination systems, and academic standards.",Uploaded by user,1
StudentLaw_009,StudentLaw_009.pdf,Student_Law,"Pakistan Medical and Dental Council (Postgraduate Education) Regulations, 2023","Provides a comprehensive regulatory framework governing postgraduate medical and dental education in Pakistan, including program recognition, qualification structures, admission policies, training standards, supervision criteria, assessment mechanisms, and institutional requirements under the Pakistan Medical and Dental Council Act, 2022.",Uploaded by user,1
StudentLaw_010,StudentLaw_010.pdf,Student_Law,"Compulsory Primary Education (FATA) Regulation, 2002 (Regulation No. I of 2002)","Provides for the introduction and enforcement of compulsory primary education in the Federally Administered Tribal Areas (FATA), establishing a legal framework to ensure access to basic education for children in the region.",Uploaded by user,1
StudentLaw_011,StudentLaw_011.pdf,Student_Law,"Higher Education Commission (Amendment) Act, 2021 (Act No. XXI of 2021)","Amends the Higher Education Commission Ordinance, 2002 to update the legal framework governing the Higher Education Commission, refining its structure, functions, and regulatory role in overseeing higher education institutions in Pakistan.",Uploaded by user,1
StudentLaw_012,StudentLaw_012.pdf,Student_Law,"Higher Education Commission (Amendment) Ordinance, 2021 (Ordinance No. IX of 2021)","Introduces amendments to the Higher Education Commission Ordinance, 2002, updating the governance and regulatory framework of the Higher Education Commission through presidential ordinance in the absence of Parliament.",Uploaded by user,1
StudentLaw_013,StudentLaw_013.pdf,Student_Law,"Higher Education Commission (Second Amendment) Act, 2021 (Act No. XXII of 2021)","Further amends the legal framework governing the Higher Education Commission by revising provisions of the Higher Education Commission Ordinance, 2002 and incorporating changes introduced through the 2021 amendment ordinance, strengthening regulatory and governance mechanisms for higher education in Pakistan.",Uploaded by user,1
StudentLaw_014,StudentLaw_014.pdf,Student_Law,"Higher Education Commission (Amendment) Ordinance, 2021 (Ordinance No. X of 2021)","Further amends the Higher Education Commission Ordinance, 2002 by introducing additional changes to its governance and regulatory framework, building upon earlier 2021 amendments through presidential ordinance.",Uploaded by user,1
StudentLaw_015,StudentLaw_015.pdf,Student_Law,"Higher Education Commission Ordinance, 2002 (Ordinance No. LIII of 2002)","Provides for the establishment of the Higher Education Commission as the central regulatory body for higher education in Pakistan, outlining its structure, powers, functions, and responsibilities for promoting, regulating, and developing higher education, research, and academic standards nationwide.",Uploaded by user,1
StudentLaw_016,StudentLaw_016.pdf,Student_Law,"Islamabad Capital Territory Education Cess Rules, 1981","Prescribes the procedure for assessment, collection, and enforcement of education cess payable by employers in the Islamabad Capital Territory under the Workersâ Children (Education) Ordinance, 1972, including requirements for returns, payment mechanisms, inspection powers, recovery processes, and appeals.",Uploaded by user,1
StudentLaw_017,StudentLaw_017.pdf,Student_Law,"Private Educational Institutions (Registration and Regulation) Ordinance, 2009 (Ordinance No. LIV of 2009)","Provides a revised legal framework for the registration, regulation, promotion, and functioning of private educational institutions in the Islamabad Capital Territory, aiming to ensure transparency, accountability, and adherence to prescribed educational standards.",Uploaded by user,1
StudentLaw_018,StudentLaw_018.pdf,Student_Law,"Private Educational Institutions (Registration and Regulation) Ordinance, 2007 (Ordinance No. IX of 2007)","Provides for the registration, regulation, promotion, and functioning of private educational institutions in the Islamabad Capital Territory, establishing mechanisms to ensure transparency, proper governance, and compliance with prescribed educational standards.",Uploaded by user,1
StudentLaw_019,StudentLaw_019.pdf,Student_Law,"Private Educational Institutions (Registration and Regulation) Ordinance, 2007 (Ordinance No. XXIX of 2007)","Provides for the registration, regulation, promotion, and functioning of private educational institutions in the Islamabad Capital Territory, ensuring transparency, proper administration, and compliance with prescribed standards.",Uploaded by user,1
StudentLaw_020,StudentLaw_020.pdf,Student_Law,"Private Educational Institutions (Registration and Regulation) Ordinance, 2007 (Ordinance No. LV of 2007)","Provides for the registration, regulation, promotion, and functioning of private educational institutions in the Islamabad Capital Territory, ensuring transparency, proper discipline, and standardized oversight of educational services.",Uploaded by user,1
StudentLaw_021,StudentLaw_021.pdf,Student_Law,"Private Educational Institutions (Registration and Regulation) Ordinance, 2006 (Ordinance No. XXII of 2006)","Provides a legal framework for the registration, regulation, promotion, and functioning of private educational institutions in the Islamabad Capital Territory, ensuring transparency, accountability, and proper administrative control.",Uploaded by user,1
StudentLaw_022,StudentLaw_022.pdf,Student_Law,"Islamabad Capital Territory Workers Children Education Cess (Utilization) Rules, 1981","Provides rules for the utilization of funds collected under the Workers Children (Education) Ordinance, 1972 in the Islamabad Capital Territory, including provisions for scholarships, educational facilities, and administrative mechanisms for supporting workersâ childrenâs education.",Uploaded by user,1
StudentLaw_023,StudentLaw_023.pdf,Student_Law,"Medical and Dental Undergraduate Education (Admissions, Curriculum and Conduct) Policy and Regulations, 2025","Establishes a comprehensive regulatory framework by the Pakistan Medical and Dental Council governing admissions, curriculum standards, student conduct, and eligibility criteria for undergraduate medical and dental education in Pakistan, including centralized admission processes and requirements such as MDCAT qualification.",Uploaded by user,1
StudentLaw_024,StudentLaw_024.pdf,Student_Law,"National Commission for Basic Education Ordinance, 1993 (Ordinance No. XXXIV of 1993)","Provides for the establishment of a National Commission for Basic Education to promote grassroots education and adult literacy in Pakistan, outlining its structure, functions, and key definitions for advancing basic education initiatives nationwide.",Uploaded by user,1
StudentLaw_025,StudentLaw_025.pdf,Student_Law,"National Education Foundation (Restructuring) Ordinance, 2002 (Ordinance No. XX of 2002)","Provides for the restructuring of the National Education Foundation, introducing changes to its organizational framework and functions to improve the delivery and management of educational initiatives in Pakistan.",Uploaded by user,1
StudentLaw_026,StudentLaw_026.pdf,Student_Law,"National Vocational and Technical Education Commission Ordinance, 2006 (Ordinance No. XXXIV of 2006)","Provides for the establishment of an autonomous body to regulate, coordinate, and set policy direction for technical and vocational education and training in Pakistan, aiming to enhance skills development and workforce capacity.",Uploaded by user,1
StudentLaw_027,StudentLaw_027.pdf,Student_Law,"National Vocational and Technical Education Commission Ordinance, 2007 (Ordinance No. XXXIII of 2007)","Provides for the establishment and regulation of an autonomous body to coordinate, regulate, and formulate policy for technical and vocational education and training in Pakistan, aimed at improving workforce skills and training standards nationwide.",Uploaded by user,1
StudentLaw_028,StudentLaw_028.pdf,Student_Law,"National Vocational and Technical Education Commission Ordinance, 2008 (Ordinance No. VII of 2008)","Provides for the establishment and continuation of an autonomous body to regulate, coordinate, and formulate policy for technical and vocational education and training in Pakistan, strengthening institutional oversight and skills development frameworks.",Uploaded by user,1
StudentLaw_029,StudentLaw_029.pdf,Student_Law,"National Vocational and Technical Education Commission Ordinance, 2008 (Ordinance No. V of 2008)","Provides for the establishment of an autonomous body to regulate, coordinate, and set policy direction for technical and vocational education and training in Pakistan, aiming to strengthen skills development and institutional governance.",Uploaded by user,1
StudentLaw_030,StudentLaw_030.pdf,Student_Law,"National Vocational and Technical Education Commission Ordinance, 2009 (Ordinance No. XVII of 2009)","Provides for the establishment and continuation of an autonomous body to regulate, coordinate, and formulate policy for technical and vocational education and training in Pakistan, enhancing governance and national skills development initiatives.",Uploaded by user,1
StudentLaw_031,StudentLaw_031.pdf,Student_Law,"National Vocational and Technical Education Commission Ordinance, 2009 (Ordinance No. XXXVI of 2009)","Provides for the establishment and continuation of an autonomous body responsible for regulating, coordinating, and setting policy direction for technical and vocational education and training in Pakistan, enhancing national skills development systems.",Uploaded by user,1
StudentLaw_032,StudentLaw_032.pdf,Student_Law,"National Vocational and Technical Education Commission Ordinance, 2009 (Ordinance No. VI of 2009)","Provides for the establishment and functioning of an autonomous body to regulate, coordinate, and formulate policy for technical and vocational education and training in Pakistan, strengthening institutional mechanisms for skills development.",Uploaded by user,1
StudentLaw_033,StudentLaw_033.pdf,Student_Law,"Dini Madaris (Registration and Regulation) Ordinance, 2001 (Ordinance No. XL of 2001)","Provides for the establishment of model dini madaris and introduces a framework for registration, regulation, and standardization of curricula to ensure uniform educational standards and integration of Islamic education with the general education system in Pakistan.",Uploaded by user,1
StudentLaw_034,StudentLaw_034.pdf,Student_Law,"Islamabad Capital Territory Free and Compulsory Education Act, 2012 (Act No. XXIV of 2012)","Provides for free and compulsory education to all children aged five to sixteen years in the Islamabad Capital Territory, establishing the legal framework for universal access to basic education and defining the responsibilities of federal and local authorities.",Uploaded by user,1
StudentLaw_035,StudentLaw_035.pdf,Student_Law,"Compulsory Primary Education Ordinance, 2002 (Ordinance No. XIV of 2002)","Provides for compulsory primary education in the Islamabad Capital Territory, establishing legal obligations and framework to ensure access to basic education for children and promote universal primary education.",Uploaded by user,1
StudentLaw_036,StudentLaw_036.pdf,Student_Law,"Labour Laws (Amendment) Ordinance, 1994 (Ordinance No. VII of 1994)","Amends various labour-related laws concerning workersâ compensation, wages, old-age pensions, social security, workersâ children education, gratuity, and profit-sharing, and repeals the earlier Labour Laws (Amendment) Ordinance, 1993 to consolidate updated provisions.",Uploaded by user,1
StudentLaw_037,StudentLaw_037.pdf,Student_Law,"Federal Supervision of Curricula, Text-books and Maintenance of Standards of Education Act, 1976 (Act No. X of 1976)","Provides for federal oversight of curricula, textbooks, and educational standards across Pakistan, aiming to promote national cohesion, improve educational quality, and ensure uniform standards in various levels and streams of education.",Uploaded by user,1
StudentLaw_038,StudentLaw_038.pdf,Student_Law,"Worker's Children (Education) Ordinance, 1972 (Ordinance No. XI of 1972)","Provides for the education of workersâ children by establishing a legal framework for educational support, including definitions of employer, establishment, and worker, and mechanisms to promote educational welfare across Pakistan.",Uploaded by user,1
StudentLaw_039,StudentLaw_039.pdf,Student_Law,"Labour Laws (Amendment) Act, 1975 (Act No. XI of 1975)","Amends various labour laws relating to the welfare of workers, updating provisions concerning employment conditions and benefits, and repealing earlier corresponding ordinance to consolidate legislative changes.",Uploaded by user,1
StudentLaw_040,StudentLaw_040.pdf,Student_Law,"Labour Laws (Amendment) Act, 1994 (Act No. XI of 1994)","Amends various labour laws relating to workersâ compensation, wages, old-age pensions, social security, workersâ children education, gratuity, and profit-sharing, and repeals the earlier Labour Laws (Amendment) Ordinance, 1993 to consolidate updated provisions affecting workersâ welfare.",Uploaded by user,1
StudentLaw_041,StudentLaw_041.pdf,Student_Law,"West Pakistan Government Educational and Training Institution Ordinance, 1960 (Ordinance No. XI of 1960)","Provides for the establishment of Boards of Governors for government educational and training institutions in West Pakistan, outlining their structure and functions to ensure efficient management, control, and administration of such institutions.",Uploaded by user,1
StudentLaw_042,StudentLaw_042.pdf,Student_Law,"West Pakistan Registration of Unrecognized Educational Institutions Ordinance, 1962 (Ordinance No. XI of 1962)","Provides for the registration and regulation of unrecognized private educational institutions in West Pakistan, establishing a framework to supervise their functioning and ensure compliance with prescribed standards.",Uploaded by user,1
StudentLaw_043,StudentLaw_043.pdf,Student_Law,"Labour Laws (Amendment) Ordinance, 1974 (Ordinance No. XII of 1974)","Amends various labour laws relating to the welfare of workers, including changes to provisions in the Workmenâs Compensation Act, 1923 and related legislation, to improve legal protections and streamline adjudication mechanisms.",Uploaded by user,1
StudentLaw_044,StudentLaw_044.pdf,Student_Law,"Federal Board of Intermediate and Secondary Education (Amendment) Act, 2017 (Act No. XIII of 2017)","Amends the Federal Board of Intermediate and Secondary Education Act, 1975, updating provisions related to the governance and functioning of the federal education board to improve administrative efficiency and regulatory oversight.",Uploaded by user,1
StudentLaw_045,StudentLaw_045.pdf,Student_Law,"West Pakistan (Board of Intermediate and Secondary Education, Hyderabad) (Amendment) Act, 1964 (Act No. XIII of 1964)","Amends the West Pakistan (Board of Intermediate and Secondary Education, Hyderabad) Ordinance, 1961 by revising provisions related to school recognition and administrative oversight, particularly involving divisional educational authorities.",Uploaded by user,1
StudentLaw_046,StudentLaw_046.pdf,Student_Law,"Karachi Secondary Education (Amendment) Act, 1950 (Act No. XLIX of 1950)","Amends the Karachi Secondary Education Act, 1950 by revising provisions related to the recognition and constitution of secondary schools, including specific clarification regarding girlsâ schools and their recognition for matriculation examinations.",Uploaded by user,1
StudentLaw_047,StudentLaw_047.pdf,Student_Law,"Karachi Secondary Education Act, 1950 (Act No. XVI of 1950)","Provides for the establishment of a Board of Secondary Education in Karachi, outlining its structure, powers, and functions for the regulation, organization, development, and control of secondary education in the federal capital.",Uploaded by user,1
StudentLaw_048,StudentLaw_048.pdf,Student_Law,"Pakistan International Airlines Corporation (Amendment) Act, 1985 (Act No. XV of 1985)","Amends the Pakistan International Airlines Corporation Act, 1956 by expanding provisions related to ownership and control, including entities associated with the Federal Government and financial institutions, to clarify governance and operational oversight.",Uploaded by user,1
StudentLaw_049,StudentLaw_049.pdf,Student_Law,"West Pakistan (Board of Intermediate and Secondary Education, Hyderabad) Ordinance, 1961 (Ordinance No. XVII of 1961)","Provides for the establishment of the Board of Intermediate and Secondary Education at Hyderabad, defining its structure, functions, and key terms to regulate and oversee intermediate and secondary education within its jurisdiction.",Uploaded by user,1
StudentLaw_050,StudentLaw_050.pdf,Student_Law,"Karachi Secondary Education (Amendment) Act, 1953 (Act No. XXII of 1953)","Amends the Karachi Secondary Education Act, 1950 by modifying provisions related to its implementation, including retrospective effect and specific textual changes to improve administrative clarity in secondary education governance.",Uploaded by user,1
StudentLaw_051,StudentLaw_051.pdf,Student_Law,"Federal Board of Intermediate and Secondary Education (Amendment) Act, 2025 (Act No. XXII of 2025)","Amends the Federal Board of Intermediate and Secondary Education Act, 1975, updating provisions related to the governance and functioning of the federal education board to improve regulatory oversight and administrative efficiency.",Uploaded by user,1
StudentLaw_052,StudentLaw_052.pdf,Student_Law,"Labour Laws (Amendment) Ordinance, 1993 (Ordinance No. XXIII of 1993)","Amends multiple labour laws relating to workersâ compensation, wages, old-age pensions, social security, workersâ children education, gratuity, and profit-sharing, updating legal provisions governing workersâ welfare and employment benefits in Pakistan.",Uploaded by user,1
StudentLaw_053,StudentLaw_053.pdf,Student_Law,"Worker's Children (Education) (Amendment) Act, 1973 (Act No. XXIV of 1973)","Amends the Workersâ Children (Education) Ordinance, 1972 by redefining key terms such as âestablishmentâ and revising provisions related to the levy and collection of education cess from employers to support educational initiatives for workersâ children.",Uploaded by user,1
StudentLaw_054,StudentLaw_054.pdf,Student_Law,"West Pakistan Primary Education Ordinance, 1962 (Ordinance No. XXIX of 1962)","Provides a consolidated legal framework for primary education in West Pakistan, including provisions for compulsory education, definitions of key terms, and the administrative structure for implementation across districts and special areas.",Uploaded by user,1
StudentLaw_055,StudentLaw_055.pdf,Student_Law,"Sind Education Cess (West Pakistan Repeal) Ordinance, 1962 (Ordinance No. XXVI of 1962)","Repeals earlier laws relating to the Sind Muslim Education Cess, including the 1946 Act and subsequent amendments, thereby abolishing the education cess framework and related levies in West Pakistan.",Uploaded by user,1
StudentLaw_056,StudentLaw_056.pdf,Student_Law,"Labour Laws (Amendment) Ordinance, 1994 (Ordinance No. XXXIII of 1994)","Amends various labour-related laws concerning workersâ compensation, wages, old-age pensions, social security, workersâ children education, gratuity, and profit-sharing in companies, updating and consolidating provisions affecting workersâ rights and benefits across Pakistan.",Uploaded by user,1
StudentLaw_057,StudentLaw_057.pdf,Student_Law,"West Pakistan Board of Technical Education Ordinance, 1962 (Ordinance No. XXXIX of 1962)","Provides for the constitution and organization of the West Pakistan Board of Technical Education, establishing a regulatory framework for technical education institutions and certification systems, including governance structure and operational definitions.",Uploaded by user,1
StudentLaw_058,StudentLaw_058.pdf,Student_Law,"West Pakistan Universities and Boards of Education (Amendment) Ordinance, 1965 (Ordinance No. XXXVI of 1965)","Amends the legal framework governing universities and Boards of Intermediate and Secondary Education in West Pakistan, particularly modifying provisions related to their establishment and administrative control to address emerging educational needs.",Uploaded by user,1
StudentLaw_059,StudentLaw_059.pdf,Student_Law,"Worker's Children (Education) Ordinance, 1972 (Ordinance No. XI of 1972)","Provides for the education of workersâ children by imposing an education cess on employers, establishing mechanisms for its collection and administration, and ensuring provision of free education and related benefits to eligible children of workers.",Uploaded by user,1
StudentLaw_060,StudentLaw_060.pdf,Student_Law,"Islamabad Capital Territory Private Educational Institutions (Registration and Regulation) Act, 2013 (Act No. XI of 2013)","Enacts a comprehensive legal framework for the registration, regulation, and functioning of private educational institutions in the Islamabad Capital Territory, reinforcing standards of transparency, discipline, and quality in the education sector.",Uploaded by user,1
WorkplaceHarassmentLaw_001,WorkplaceHarassmentLaw_001.pdf,Workplace_Harassment,"Protection against Harassment of Women at the Workplace Act, 2010 (Act No. IV of 2010)","Provides legal protection to women against harassment at the workplace by defining harassment, establishing complaint mechanisms, prescribing penalties, and ensuring safe and dignified working environments in accordance with constitutional rights.",Uploaded by user,1
WorkplaceHarassmentLaw_002,WorkplaceHarassmentLaw_002.pdf,Workplace_Harassment,"Prevention of Electronic Crimes (Amendment) Act, 2025","Amends the Prevention of Electronic Crimes Act, 2016 by establishing new mechanisms for regulating social media platforms, removing or blocking unlawful or offensive online content, handling complaints, penalizing false or fake information, and creating the Social Media Protection and Regulatory Authority, Social Media Complaint Council, Social Media Protection Tribunal, and National Cyber Crime Investigation Agency.",Uploaded by user,1
WorkplaceHarassmentLaw_003,WorkplaceHarassmentLaw_003.pdf,Workplace_Harassment,"Prevention of Electronic Crimes Act, 2016","Provides a legal framework in Pakistan for preventing, investigating, prosecuting, and trying electronic crimes. The Act defines cyber offences such as unauthorized access to information systems or data, data copying or transmission, cyber terrorism, electronic forgery and fraud, identity information misuse, cyber stalking, spamming, spoofing, and unlawful online content. It also establishes procedures for investigation, search and seizure, data preservation, service provider responsibilities, international cooperation, prosecution, trial, appeals, compensation, and preventive measures against electronic crimes.",Uploaded by user,1
WorkplaceHarassmentLaw_004,WorkplaceHarassmentLaw_004.pdf,Workplace_Harassment,"The Balochistan Protection Against Harassment of Women at Workplace Act, 2016","Provides legal protection against harassment of women at the workplace in Balochistan by defining harassment, workplace, employee, employer, complainant, and organization. The Act requires each organization to establish an Inquiry Committee, follow a formal complaint and inquiry procedure, impose minor or major penalties where harassment is proved, and provide appeal mechanisms through an Ombudsperson. It also sets employer responsibilities, requires display and implementation of a workplace Code of Conduct, establishes a helpline for victims, and provides guidance for confidential reporting, investigation, protection from retaliation, and maintaining a harassment-free work environment.",Uploaded by user,1
WorkplaceHarassmentLaw_005,WorkplaceHarassmentLaw_005.pdf,Workplace_Harassment,"Khyber Pakhtunkhwa Protection Against Harassment of Women at the Workplace (Amendment) Act, 2018","Amends the Protection Against Harassment of Women at the Workplace Act, 2010 as applicable in Khyber Pakhtunkhwa by substituting Ombudsman with Ombudsperson, limiting the Acts extent to the Province of Khyber Pakhtunkhwa, updating references to provincial laws and government bodies, revising the definition of organization, setting qualifications and appointment procedures for the Ombudsperson, and providing for representation to the Governor against decisions of the Ombudsperson.",Uploaded by user,1
WorkplaceHarassmentLaw_006,WorkplaceHarassmentLaw_006.pdf,Workplace_Harassment,"The Protection Against Harassment of Women at the Workplace Act, 2010 (as applicable in Khyber Pakhtunkhwa)","Provides legal protection against harassment of women at the workplace in Khyber Pakhtunkhwa by defining harassment, workplace, employee, employer, complainant, organization, Inquiry Committee, and Ombudsperson. The Act requires organizations to form an Inquiry Committee, adopt and display a Code of Conduct, conduct confidential inquiries into harassment complaints, impose minor or major penalties, provide appeal mechanisms through the Ombudsperson, and protect complainants and witnesses from retaliation. It also sets out the powers, appointment, acting role, oath, and complaint-handling functions of the Ombudsperson.",Uploaded by user,1
WorkplaceHarassmentLaw_007,WorkplaceHarassmentLaw_007.pdf,Workplace_Harassment,"The Protection Against Harassment of Women at the Workplace (Amendment) Act, 2021","Amends the Protection Against Harassment of Women at the Workplace Act, 2010 as applicable in Punjab by adding provisions related to the Ombudspersons tenure and resignation. The amendment provides that the Ombudsperson shall hold office for four years, shall not be eligible for extension or re-appointment, and may resign by writing to the Governor.",Uploaded by user,1
WorkplaceHarassmentLaw_008,WorkplaceHarassmentLaw_008.pdf,Workplace_Harassment,"The Punjab Protection Against Harassment of Women at the Workplace (Amendment) Act, 2012","Amends the Protection Against Harassment of Women at the Workplace Act, 2010 as applicable in Punjab by substituting Ombudsman with Ombudsperson, extending the Act to the whole of Punjab, updating references to the Punjab Industrial Relations Act, 2010 and Government of the Punjab, revising the appointment and qualifications of the Ombudsperson, providing representation to the Governor against Ombudsperson decisions, and allowing employer non-compliance complaints to be filed before the Ombudsperson.",Uploaded by user,1
WorkplaceHarassmentLaw_009,WorkplaceHarassmentLaw_009.pdf,Workplace_Harassment,"Protection Against Harassment of Women at the Workplace (Amendment) Act, 2022","Amends the Protection Against Harassment of Women at the Workplace Act, 2010 by broadening the definitions of complainant, employee, employer, harassment, Ombudsperson, organization, and workplace. The amendment expands coverage to include former employees, minors through parents or guardians, students, performers, artists, interns, domestic workers, home-based workers, freelance and gig workers, online businesses, and places where services are rendered or performed. It also includes stalking, cyberstalking, gender-based discrimination, child-sensitive procedures, audio and video evidence, professional licence suspension or cancellation, time limits for Ombudsperson decisions, and retaliation through counter-blast defamation suits.",Uploaded by user,1
WorkplaceHarassmentLaw_010,WorkplaceHarassmentLaw_010.pdf,Workplace_Harassment,Federal Ombudsperson Secretariat for Protection Against Harassment (FOSPAH) â Amina Hassan vs Sharjeel Shahid & others (Final Order),"Final order issued by the Federal Ombudsperson under the Protection Against Harassment of Women at the Workplace Act, 2010, addressing gender-based discrimination at Khushhali Microfinance Bank Limited. The case involves forced resignation, denial of severance benefits compared to male employees, retaliation after complaint, absence of an Inquiry Committee, and employer liability for failing to ensure a harassment-free workplace.",Uploaded by user,1
WorkplaceHarassmentLaw_011,WorkplaceHarassmentLaw_011.pdf,Workplace_Harassment,"Arooj Malik vs Dr Hafiz Ishaq (FOSPAH, 2024)","Provides a final order under the Protection Against Harassment of Women at the Workplace Act, 2010 concerning allegations of sexual harassment in a university workplace. The case defines harassment through unwelcome physical conduct and sexually explicit communication, examines evidentiary value of text messages and admissions, and establishes that repeated unwanted advances constitute harassment under the Act. It also clarifies jurisdiction of the Ombudsperson where inquiry committees fail to provide fair proceedings and outlines penalties including dismissal from service and monetary compensation for mental agony and suffering.",Uploaded by user,1
WorkplaceHarassmentLaw_012,WorkplaceHarassmentLaw_012.pdf,Workplace_Harassment,"Federal Ombudsperson Secretariat for Protection Against Harassment (FOSPAH) â Asmara Masood vs Syed Arif Hussain (Final Order, 2025)","Final order issued by the Federal Ombudsperson under the Protection Against Harassment of Women at the Workplace Act, 2010, concerning allegations of workplace harassment at Standard Chartered Bank. The case involves claims of sexually inappropriate conduct, hostile work environment, retaliation after complaint, and unlawful termination. The Ombudsperson examined the inquiry proceedings, evidence, and conduct of both parties, and held that the allegations of harassment were not substantiated due to lack of corroborative evidence. The appeal was dismissed, while emphasizing due process, employer inquiry procedures, and the distinction between interpersonal conflict and legally defined workplace harassment.",Uploaded by user,1
WorkplaceHarassmentLaw_013,WorkplaceHarassmentLaw_013.pdf,Workplace_Harassment,"Bahadur Ali Mahar vs Secretary Information and Broadcasting (FOSPAH, 2024)","Provides a final order under the Protection Against Harassment of Women at the Workplace Act, 2010 concerning an appeal against a penalty imposed by an Anti-Harassment Committee in a public sector organization. The case examines procedural requirements of inquiry proceedings, including formation of the committee, recording of evidence, and the right of cross-examination, and emphasizes that denial of due process and fair trial renders disciplinary actions invalid. It establishes that inquiry committees must strictly comply with statutory procedures, uphold principles of natural justice, and ensure that both parties are given a fair opportunity to present and challenge evidence before imposing penalties.",Uploaded by user,1
WorkplaceHarassmentLaw_014,WorkplaceHarassmentLaw_014.pdf,Workplace_Harassment,"The Province of Sindh through Chief Secretary and others vs Azhar Ali and others (Civil Appeals No.106-K to 111-K & C.P.L.A. No.650-K of 2024, Supreme Court of Pakistan)","Decides civil appeals and petition concerning appointments under the deceased quota policy governed by Rule 11-A of the Sindh Civil Servants (Appointment, Promotion and Transfer) Rules, 1974. The case examines whether the High Court could grant employment beyond the prescribed two-year limitation period and considers the impact of subsequent Supreme Court judgment declaring the rule unconstitutional. The Court applies principles of beneficial interpretation of service laws, holds that rights accrued under earlier judgments remain protected due to prospective application of law, and affirms that past and closed transactions cannot be reopened. The appeals are dismissed, upholding High Court orders granting employment benefits under the deceased quota policy.",Uploaded by user,1
WorkplaceHarassmentLaw_015,WorkplaceHarassmentLaw_015.pdf,Workplace_Harassment,"Ayaz Ali vs Federation of Pakistan (Supreme Court, 2025)","Provides a judgment concerning employment under the deceased quota policy in a public sector bank. The case examines whether applications submitted under an earlier policy can be denied based on subsequent Supreme Court rulings declaring such quota unconstitutional, and clarifies the doctrine of prospective application of judicial decisions. It establishes that rights accrued under policies in force at the time of application must be considered fairly and cannot be retrospectively invalidated, and emphasizes equal opportunity, non-discriminatory implementation of employment policies, and the obligation of authorities to decide pending applications in accordance with applicable rules.",Uploaded by user,1
WorkplaceHarassmentLaw_016,WorkplaceHarassmentLaw_016.pdf,Workplace_Harassment,"Muhammad Azam and others vs Province of Sindh through Secretary Home Department and others (C.P.L.A. Nos.954-K, 955-K, 966-K, 1034-K to 1040-K of 2025, Supreme Court of Pakistan)","Decides civil petitions for leave to appeal concerning withdrawal of promotions of police constables under the Police Rules, 1934 and the legality of alleged out-of-turn or shoulder promotions. The case examines whether promotions granted on merit under Rule 13.6(2) could be retrospectively invalidated following Supreme Court judgments prohibiting out-of-turn promotions. The Court considers principles of fair trial, vested rights, and non-retrospective application of law, and emphasizes the duty of the Service Tribunal to independently assess facts, service record, and applicable rules rather than relying solely on departmental assertions. The impugned judgment is set aside and the matter is remanded for fresh decision in accordance with law after proper evaluation of evidence and opportunity of hearing.",Uploaded by user,1
WorkplaceHarassmentLaw_017,WorkplaceHarassmentLaw_017.pdf,Workplace_Harassment,"Nadia Naz vs President of Pakistan (Supreme Court, 2023)","Provides a judgment in review jurisdiction interpreting the definition of harassment under the Protection Against Harassment of Women at the Workplace Act, 2010. The case clarifies that harassment is not limited to conduct of a sexual nature but also includes gender-based discrimination arising from power dynamics and hostile work environment. It applies purposive interpretation of statutory provisions, considers constitutional principles of dignity and equality, and incorporates international conventions to establish that harassment includes discriminatory behavior based on gender. The Court sets aside earlier judgments for adopting a restrictive interpretation and remands the matter for reconsideration in light of the expanded scope of harassment.",Uploaded by user,1
WorkplaceHarassmentLaw_018,WorkplaceHarassmentLaw_018.pdf,Workplace_Harassment,"Dr. Asma Kiyani vs Dr. Mazhar Hussain (Federal Ombudsperson Secretariat for Protection Against Harassment, Complaint No. FOH-HQR-H/033/2025)","Provides a final order under the Protection Against Harassment of Women at the Workplace Act, 2010 concerning allegations of workplace harassment, gender-based discrimination, and hostile work environment at the National Institute of Rehabilitation Medicine. The case examines misuse of administrative authority, stalking, retaliation after complaint, unlawful KPI deductions, and initiation of disciplinary proceedings without due process. The Ombudsperson finds that the conduct of the accused constitutes harassment under gender-based discrimination, establishes retaliation and abuse of authority, and imposes a monetary penalty while recommending administrative action to ensure a safe and non-discriminatory workplace environment.",Uploaded by user,1
WorkplaceHarassmentLaw_019,WorkplaceHarassmentLaw_019.pdf,Workplace_Harassment,"Sana Humayoun vs Bilal Khan (FOSPAH, 2024)","Provides a final order under the Protection Against Harassment of Women at the Workplace Act, 2010 concerning allegations of workplace harassment and hostile work environment. The case examines unwelcome conduct, misuse of authority, and retaliatory behavior following complaint, and evaluates evidence including witness statements and documentary material under the standard of balance of probabilities. It clarifies the obligation of employers to ensure a safe working environment, establish inquiry mechanisms, and enforce a code of conduct, and determines liability based on failure to maintain a harassment-free workplace.",Uploaded by user,1
WorkplaceHarassmentLaw_020,WorkplaceHarassmentLaw_020.pdf,Workplace_Harassment,Faisal Saeed Syed vs Saif Ullah (FOSPAH),"Provides a final order under the Protection Against Harassment of Women at the Workplace Act, 2010 concerning allegations of sexual harassment in a home-based educational setting. The case defines harassment in the context of teacher-student relationships, examines misuse of authority and inappropriate conduct, and clarifies that informal work arrangements and minors fall within the scope of the Act. It also outlines institutional responsibilities to establish inquiry mechanisms, adopt a code of conduct, and ensure a harassment-free environment.",Uploaded by user,1
WorkplaceHarassmentLaw_021,WorkplaceHarassmentLaw_021.pdf,Workplace_Harassment,"Sehar Zareen vs Taeem Ul Haq (FOSPAH, 2024)","Provides a final order under the Protection Against Harassment of Women at the Workplace Act, 2010 concerning allegations of workplace harassment and hostile work environment in a professional setting. The case examines unwelcome conduct, inappropriate behavior, and misuse of authority, and evaluates evidence on the standard of balance of probabilities. It clarifies the scope of harassment beyond physical acts to include verbal and psychological conduct, and emphasizes the duty of employers to maintain a harassment-free workplace through proper inquiry mechanisms, enforcement of a code of conduct, and protection against retaliation.",Uploaded by user,1
WorkplaceHarassmentLaw_022,WorkplaceHarassmentLaw_022.pdf,Workplace_Harassment,"Zainab Zahrah Awan vs Embrace IT (FOSPAH, 2024)","Provides a final order under the Protection Against Harassment of Women at the Workplace Act, 2010 concerning allegations of workplace harassment and hostile work environment in a private IT organization. The case examines unwelcome conduct, abuse of authority, and retaliatory actions following complaint, and evaluates evidence including digital communication and workplace behavior patterns. It clarifies the scope of employer responsibility to ensure a safe working environment, enforce a code of conduct, and establish effective inquiry mechanisms, and determines liability based on balance of probabilities under the Act.",Uploaded by user,1
WorkplaceHarassmentLaw_023,WorkplaceHarassmentLaw_023.pdf,Workplace_Harassment,"Muhammad Rahman vs Imtiaz Gadar (FOSPAH, 2025)","Provides a final order under the Protection Against Harassment of Women at the Workplace Act, 2010 concerning allegations of sexual harassment and hostile work environment in a corporate setting. The case examines whether inquiry proceedings were conducted in accordance with statutory requirements, including proper constitution of the inquiry committee and provision of fair trial rights. It clarifies that harassment includes patterns of unwelcome conduct creating a hostile environment and that proceedings initiated under the Act must strictly comply with procedural mandates. The order holds that failure to constitute a valid inquiry committee renders the proceedings void, sets aside the dismissal, and remands the matter for fresh inquiry in accordance with law.",Uploaded by user,1
WorkplaceHarassmentLaw_024,WorkplaceHarassmentLaw_024.pdf,Workplace_Harassment,"Muqaddas Fatima vs Mubashir Mukhtar (FOSPAH, 2024)","Provides a final order under the Protection Against Harassment of Women at the Workplace Act, 2010 concerning allegations of workplace harassment arising from gender-based discrimination during a sporting event. The case examines misbehavior, physical intimidation, and abuse of authority in a professional setting, and clarifies that harassment is not limited to sexual conduct but includes actions driven by gender-based power dynamics that create a hostile work environment. It applies the principle established in Nadia Naz case that discriminatory and demeaning conduct affecting work performance constitutes harassment, and imposes penalties including stoppage of increments and monetary compensation for the victim.",Uploaded by user,1
WorkplaceHarassmentLaw_025,WorkplaceHarassmentLaw_025.pdf,Workplace_Harassment,"Najma Bahar vs Ibrar Hussain (FOSPAH, 2024)","Provides a final order under the Protection Against Harassment of Women at the Workplace Act, 2010 concerning allegations of workplace harassment and hostile work environment. The case examines unwelcome conduct, misuse of authority, and retaliatory behavior following complaint, and evaluates evidence on the standard of balance of probabilities. It clarifies that harassment includes conduct creating intimidation or humiliation in the workplace and emphasizes the obligation of employers to establish inquiry mechanisms, enforce a code of conduct, and ensure a safe and harassment-free working environment.",Uploaded by user,1
WorkplaceHarassmentLaw_026,WorkplaceHarassmentLaw_026.pdf,Workplace_Harassment,"Najma Bahar vs Ibrar Hussain (FOSPAH, 2025)","Provides a final order under the Protection Against Harassment of Women at the Workplace Act, 2010 concerning allegations of workplace harassment arising from verbal abuse, physical contact, and creation of a hostile work environment. The case examines evidentiary standards based on affidavits and witness testimony, and establishes that even a single substantiated incident involving abusive language and physical misconduct can constitute harassment under the Act. It clarifies that harassment includes gender-based discrimination and prejudicial conduct creating intimidation and humiliation, and emphasizes that such behavior reflects power imbalance rather than sexual intent. The order finds the accused guilty and imposes a minor penalty of withholding one annual increment for a specified period.",Uploaded by user,1
WorkplaceHarassmentLaw_027,WorkplaceHarassmentLaw_027.pdf,Workplace_Harassment,"Shoaib Zafar vs Tanzeela Soomro (FOSPAH, 2024)","Provides a final order under the Protection Against Harassment of Women at the Workplace Act, 2010 concerning allegations of workplace harassment and hostile work environment in a professional setting. The case examines unwelcome conduct, inappropriate communication, and misuse of authority, and evaluates evidence including digital correspondence and witness statements under the standard of balance of probabilities. It clarifies that repeated unwelcome behavior and psychological pressure can constitute harassment even in absence of physical contact, and emphasizes the responsibility of employers to ensure effective inquiry mechanisms, enforce a code of conduct, and maintain a safe and respectful workplace environment.",Uploaded by user,1
WorkplaceHarassmentLaw_028,WorkplaceHarassmentLaw_028.pdf,Workplace_Harassment,"Robina Khalid vs Munir H Shah (FOSPAH, 2024)","Provides a final order under the Protection Against Harassment of Women at the Workplace Act, 2010 concerning allegations of workplace harassment and hostile work environment in a public sector organization. The case examines unwelcome conduct, verbal abuse, and misuse of authority, and evaluates evidence based on witness statements and documentary material under the standard of balance of probabilities. It clarifies that persistent intimidating behavior and discriminatory treatment constitute harassment under the Act, and emphasizes the obligation of employers to ensure a safe working environment, establish inquiry mechanisms, and enforce a code of conduct to prevent harassment.",Uploaded by user,1
WorkplaceHarassmentLaw_029,WorkplaceHarassmentLaw_029.pdf,Workplace_Harassment,"Naheed Saghir vs Saud ur Rehman (FOSPAH, 2024)","Provides a final order under the Protection Against Harassment of Women at the Workplace Act, 2010 concerning allegations of workplace harassment and hostile work environment. The case examines unwelcome conduct, inappropriate behavior, and misuse of authority, and evaluates evidence including witness statements and documentary material under the standard of balance of probabilities. It clarifies that harassment includes conduct creating intimidation, humiliation, or psychological pressure in the workplace, and emphasizes the obligation of employers to establish inquiry mechanisms, enforce a code of conduct, and ensure a safe and harassment-free working environment.",Uploaded by user,1
WorkplaceHarassmentLaw_030,WorkplaceHarassmentLaw_030.pdf,Workplace_Harassment,"Samreen Shahid vs Jamal Baig (FOSPAH, 2025)","Provides a final order under the Protection Against Harassment of Women at the Workplace Act, 2010 concerning allegations of sexual harassment and hostile work environment in a public sector organization. The case examines unwelcome physical contact, sexually suggestive remarks, coercive behavior, and retaliation through threats of transfer and misuse of authority, and evaluates evidence based on witness testimony and consistency of statements under the standard of balance of probabilities. It clarifies that repeated unwelcome conduct and abuse of authority creating an intimidating and offensive work environment constitutes harassment under the Act, and emphasizes that lack of direct eyewitnesses does not negate credible testimony. The order finds the accused guilty, imposes the penalty of removal from service, and highlights the obligation of institutions to ensure safe workplaces, establish effective inquiry mechanisms, and prevent harassment.",Uploaded by user,1
WorkplaceHarassmentLaw_031,WorkplaceHarassmentLaw_031.pdf,Workplace_Harassment,"Sana Humayun vs Bilal Khan (FOSPAH, 2026)","Provides a final order under the Protection Against Harassment of Women at the Workplace Act, 2010 concerning allegations of gender-based discrimination, coercive conduct, and creation of a hostile environment affecting a working womanâs access to residential accommodation. The case examines whether discriminatory housing practices, including denial of residence to single women and disconnection of basic utilities, fall within the scope of harassment where such conduct interferes with professional life. It clarifies that the definition of workplace extends to situations linked to employment and that misuse of organizational authority impacting a womanâs ability to work may constitute harassment. It further establishes that policies denying accommodation on the basis of gender or marital status are discriminatory, void, and inconsistent with principles of equality and dignity, and directs authorities to ensure non-discriminatory access to safe housing for working women.",Uploaded by user,1
WorkplaceHarassmentLaw_032,WorkplaceHarassmentLaw_032.pdf,Workplace_Harassment,"Saneem Afshain vs Azhar Abbas (FOSPAH, 2025)","Provides a final order under the Protection Against Harassment of Women at the Workplace Act, 2010 concerning allegations of workplace harassment and hostile work environment. The case examines unwelcome conduct, inappropriate communication, and misuse of authority, and evaluates evidence including witness statements and documentary material under the standard of balance of probabilities. It clarifies that repeated unwelcome behavior and creation of psychological pressure constitute harassment under the Act, and emphasizes the obligation of employers to establish inquiry mechanisms, enforce a code of conduct, and ensure a safe and harassment-free working environment.",Uploaded by user,1
WorkplaceHarassmentLaw_033,WorkplaceHarassmentLaw_033.pdf,Workplace_Harassment,"Dr Asma Kiyani vs Mazhar Hussain (FOSPAH, 2025)","Provides a final order under the Protection Against Harassment of Women at the Workplace Act, 2010 concerning allegations of workplace harassment arising from abuse of authority, gender-based discrimination, and creation of a hostile work environment in a public health institution. The case examines retaliatory actions, misuse of administrative powers, and initiation of disciplinary proceedings to victimise the complainant, and evaluates evidence under the standard of balance of probabilities. It clarifies that harassment includes discriminatory and coercive conduct linked to power imbalance, and emphasizes that retaliation following complaint constitutes a violation of the Act. The order finds the accused responsible, imposes monetary penalty, and directs the organization to ensure compliance with statutory requirements including fair inquiry mechanisms and maintenance of a harassment-free workplace.",Uploaded by user,1
WorkplaceHarassmentLaw_034,WorkplaceHarassmentLaw_034.pdf,Workplace_Harassment,"Faheem Mehmood vs Air University (FOSPAH, 2025)","Provides a final order under the Protection Against Harassment of Women at the Workplace Act, 2010 concerning allegations of workplace harassment and gender-based discrimination in an educational institution. The case examines misuse of authority, hostile work environment, and retaliatory actions affecting employment conditions, and evaluates evidence under the standard of balance of probabilities. It clarifies that discriminatory treatment linked to power imbalance and interference with professional duties constitutes harassment under the Act, and emphasizes the responsibility of institutions to establish inquiry mechanisms, enforce a code of conduct, and ensure a safe and harassment-free workplace.",Uploaded by user,1
WorkplaceHarassmentLaw_035,WorkplaceHarassmentLaw_035.pdf,Workplace_Harassment,"Ghulam Haider Butt vs Collectorate of Customs Appraisement Quetta (FOSPAH, 2025)","Provides a final order under the Protection Against Harassment of Women at the Workplace Act, 2010 concerning allegations of workplace harassment and gender-based discrimination in a public sector organization. The case examines misuse of authority, hostile work environment, and retaliatory actions affecting employment conditions, and evaluates evidence under the standard of balance of probabilities. It clarifies that discriminatory conduct and abuse of official position that undermines dignity and professional performance constitutes harassment under the Act, and emphasizes the obligation of organizations to ensure fair inquiry procedures, enforce a code of conduct, and maintain a safe and respectful workplace environment.",Uploaded by user,1
WorkplaceHarassmentLaw_036,WorkplaceHarassmentLaw_036.pdf,Workplace_Harassment,"Shergel Shahzad vs Farhan Raheem (FOSPAH, 2025)","Provides a final order under the Protection Against Harassment of Women at the Workplace Act, 2010 concerning allegations of workplace harassment and hostile work environment in a professional setting. The case examines unwelcome conduct, inappropriate communication, and misuse of authority, and evaluates evidence including witness statements and documentary material under the standard of balance of probabilities. It clarifies that persistent unwelcome behavior and coercive conduct affecting dignity and professional performance constitute harassment under the Act, and emphasizes the obligation of employers to establish inquiry mechanisms, enforce a code of conduct, and ensure a safe and harassment-free workplace.",Uploaded by user,1
WorkplaceHarassmentLaw_037,WorkplaceHarassmentLaw_037.pdf,Workplace_Harassment,Appeal No. 486/2025 â Mr. Shoaib Zafar vs Ms. Tanzeela Soomro & Ors. (Federal Ombudsperson Sindh),"Federal Ombudsperson decision under the Protection Against Harassment of Women at the Workplace Act, 2010 examining whether derogatory workplace remarks constituted harassment, reviewing inquiry committee due process and cross-examination rights, and setting aside a censure penalty after finding the conduct did not meet the legal threshold for gender-based harassment.",Uploaded by user,1
WorkplaceHarassmentLaw_038,WorkplaceHarassmentLaw_038.pdf,Workplace_Harassment,Complaint No. FOSPAH/ISB/0004222/2023 â Syed Basit Ali v. State Bank of Pakistan & Others (Federal Ombudsperson),"Federal Ombudsperson proceedings under the Protection Against Harassment of Women at the Workplace Act, 2010 involving allegations of workplace harassment, discriminatory conduct, misuse of authority, and retaliatory actions within the State Bank of Pakistan, including claims relating to adverse employment treatment, hostile work environment, and procedural irregularities.",Uploaded by user,1
WorkplaceHarassmentLaw_039,WorkplaceHarassmentLaw_039.pdf,Workplace_Harassment,Complaint No. FOH-HQR/00297/2024 â Zainab Zahrah Awan v. Embrace IT (Federal Ombudsperson),"Federal Ombudsperson decision under the Protection Against Harassment of Women at the Workplace Act, 2010 holding that termination of a female employee during approved maternity leave constituted gender-based discrimination and unlawful workplace harassment. The order discusses constitutional protections, maternity rights, international human rights obligations, compensation, reinstatement-related relief, and employer obligations regarding safe motherhood and non-discriminatory workplace practices.",Uploaded by user,1
